transaction_id,user_id,amount,timestamp,type,location
b375d6c3-bcc3-4d39-8a6e-81287f325952,user_9,157.25,2025-01-16T04:01:00,withdrawal,London
b3846e99-7e82-4751-8684-c157010d616f,user_3,2932.8,2025-01-28T05:02:00,withdrawal,Sydney
cd9c5c2f-84a4-4e7e-a8d8-cd9cc8516b9e,user_8,9110.46,2025-01-31T01:05:00,withdrawal,Berlin
f4d10f55-cb5a-491c-928c-ab0ba73a34f4,user_17,8162.82,2025-01-20T15:26:00,transfer,Berlin
e9fce3b0-2f51-46ed-9362-dd55f0b47429,user_16,8640.02,2025-01-16T21:55:00,withdrawal,Berlin
19e4b6f7-3a10-4d57-a391-a278b71837c9,user_16,5812.21,2025-02-01T10:57:00,withdrawal,Sydney
876f9447-b0fe-4349-80b6-c138455209e0,user_9,4279.44,2025-01-17T00:54:00,transfer,London
b02473aa-2628-4689-b975-d62f2461771c,user_7,5827.73,2025-01-05T03:08:00,payment,Tokyo
a7468fe4-0184-4bfe-a47e-cc17caeadce8,user_9,8601.04,2025-01-07T15:40:00,payment,New York
37c14023-a0db-4cfb-b55d-43dc5754b458,user_10,5527.3,2025-01-19T16:58:00,withdrawal,New York
5cb5fec8-b593-4907-8720-973bc9cdb4fb,user_1,4103.63,2025-01-11T20:59:00,payment,Paris
45d3a9d8-3fd2-465d-a105-1005ed1e0dbb,user_20,9249.48,2025-01-27T01:49:00,withdrawal,Paris
3006d168-17cd-4c00-ae1d-aaeee05bc628,user_13,1711.55,2025-01-21T21:20:00,transfer,Tokyo
d6f12254-bd7d-4105-b5b3-66af3ddfe7be,user_1,4206.17,2025-01-31T19:14:00,deposit,Berlin
d4453820-385e-4ead-b5d7-331a2afa4357,user_5,7655.93,2025-01-09T03:20:00,transfer,Paris
40db5ffb-2511-4108-8808-013284f57d7e,user_3,2501.44,2025-01-17T22:31:00,withdrawal,Tokyo
ec79e799-fb98-4fb8-a563-38de8dbe0307,user_4,1276.31,2025-01-27T08:39:00,transfer,Sydney
044b952a-3545-4391-8c08-be8408077e39,user_11,839.92,2025-01-01T10:29:00,deposit,Sydney
cc2fafd1-f26d-4868-86c4-84e105712643,user_14,9644.98,2025-01-31T03:08:00,withdrawal,Paris
559ed430-a1dd-438e-af96-407146d9ea00,user_20,5880.75,2025-01-10T16:52:00,deposit,New York
6dca15c3-98cb-4931-9e7d-d285f8a1dbd1,user_18,9500.58,2025-01-17T13:29:00,deposit,Sydney
35d0b4fc-13b7-4bff-af98-f980a4ec101f,user_11,6216.28,2025-01-26T23:02:00,payment,Berlin
f3d74115-a88a-43db-af2d-f5da2ba8be57,user_9,2058.55,2025-01-31T07:08:00,withdrawal,Tokyo
3c10dee0-89ac-49d3-9b00-5048aaaed813,user_7,7077.47,2025-01-27T07:05:00,transfer,London
b360ca50-e99f-4bb3-b639-3e1a8729bf35,user_18,5084.09,2025-01-17T12:33:00,withdrawal,London
1940a496-8310-46cb-8430-2f84e3365123,user_7,188.69,2025-01-27T11:52:00,withdrawal,Sydney
5e268115-6193-45c9-b834-566cedb0f41a,user_6,5968.65,2025-02-03T23:47:00,withdrawal,Tokyo
93da6e52-2cbe-43fd-8e2a-74685de3cd08,user_10,2251.68,2025-01-01T15:09:00,deposit,London
4b79653f-57d2-4ee6-a62f-8dc39182daa2,user_20,9993.37,2025-01-19T07:51:00,withdrawal,Paris
ec220c13-62fe-447f-ad31-3357ce9f5c89,user_15,1484.24,2025-01-02T12:35:00,withdrawal,Paris
fc9b2db5-6649-4847-93ac-51861513cdbf,user_16,207.91,2025-01-13T17:47:00,payment,Sydney
11be91f5-ef23-4114-856e-fe2b164a1660,user_14,3353.5,2025-01-14T02:34:00,payment,Tokyo
aa8ff8e7-f635-4ba1-b7b6-fdaf0e496251,user_1,4541.99,2025-01-18T15:09:00,deposit,New York
68e5a0b1-110c-4e69-ab42-5a0ced13a37d,user_13,8694.72,2025-01-27T14:45:00,transfer,Berlin
6d10710c-360e-46c9-b6cb-3420e6a9fb81,user_18,959.36,2025-01-27T15:21:00,deposit,Berlin
b08b0e8f-abbe-442a-99f4-cdce3ef0b196,user_17,9722.41,2025-01-24T21:31:00,transfer,Berlin
071e6e72-e569-4df1-b84a-cc4da37da837,user_10,657.44,2025-02-01T05:08:00,transfer,Tokyo
6b342a1b-5582-433d-8ad7-4b029eb1ff92,user_8,1641.92,2025-01-26T19:59:00,transfer,London
d795be01-fd0b-4809-8320-5f6c533b8d22,user_20,6260.09,2025-01-16T07:37:00,deposit,New York
1ed62fd1-9e1d-46ec-a1b5-52664f8771d4,user_17,6995.76,2025-01-03T02:03:00,deposit,Tokyo
5606941e-4566-4f9c-81ac-a3126b972ca1,user_16,6005.25,2025-01-24T07:08:00,withdrawal,London
ff26e883-de44-4278-8ac1-d232511c2a2f,user_3,7919.13,2025-01-31T09:50:00,payment,London
7baf5da0-0de4-4a3b-a481-35892d0f3772,user_9,718.44,2025-01-20T20:35:00,payment,Tokyo
b0480446-ce06-4c7d-a78b-7240c3a5bbd2,user_3,5664.5,2025-01-28T20:47:00,withdrawal,Paris
a96b13a8-213b-4763-a75c-24bf6c748e00,user_4,1973.53,2025-01-27T18:59:00,deposit,London
8262adfc-ec6e-4b9f-a114-fc7af6077dbe,user_18,539.37,2025-01-05T05:28:00,transfer,New York
3c2403c6-6415-4505-84fa-88633a170589,user_13,2183.36,2025-01-12T04:10:00,deposit,New York
d82ab2f9-5bc8-4a75-abeb-b4c31af67dde,user_8,3850.46,2025-01-09T09:20:00,transfer,Berlin
c7544839-b2ed-410f-9ef6-ade0c61da534,user_10,8608.29,2025-02-04T02:09:00,withdrawal,Sydney
a8d432a4-27c1-4f64-b2ca-7f72d6f78e03,user_16,916.3,2025-01-07T22:03:00,payment,Sydney
88afe6c5-4b94-45a8-b5bd-61825b72b4d6,user_7,2574.41,2025-02-04T04:14:00,payment,London
14b1ac59-85e5-4ac6-90f4-663d778ad80f,user_5,1597.97,2025-01-24T01:28:00,deposit,Sydney
cd65937b-ce04-458f-bfa1-d19dc7df679e,user_6,2751.69,2025-01-19T21:12:00,transfer,Berlin
0f92286c-ef80-41db-80fc-aa6a9a0e6424,user_4,8730.13,2025-01-09T16:04:00,payment,London
a92eba23-564e-4e3d-91da-df73ff9aa33c,user_14,3714.93,2025-01-26T20:59:00,transfer,Berlin
eba87d56-048d-41b5-b7cf-6cd1081b13f5,user_19,199.41,2025-01-04T18:21:00,payment,London
d379fb2f-d6c3-436c-ae53-f545128a9b20,user_20,6912.84,2025-01-05T10:37:00,transfer,Sydney
0560f1a8-9133-4dc4-a865-edc2fd225cd3,user_5,2589.88,2025-01-14T23:43:00,deposit,Paris
4977ea70-02a8-46dd-b1e8-40966fb63cbf,user_9,265.43,2025-02-01T19:27:00,withdrawal,Paris
9f091166-3b0e-4d6b-abfa-667531a2e88d,user_8,1007.19,2025-02-04T00:34:00,withdrawal,London
7dabc491-6677-4453-9a3c-52d83b71eaf6,user_13,3290.88,2025-02-03T03:20:00,payment,Berlin
bf6bef4d-8bf3-485f-a24b-ed018dbd8523,user_11,4006.42,2025-01-11T20:56:00,deposit,London
5aca418c-930a-4d64-a2d9-451b864e121e,user_8,5528.13,2025-01-06T03:40:00,withdrawal,Sydney
de279c7f-4e7c-42b2-aa54-65573523136e,user_8,394.34,2025-01-26T04:24:00,withdrawal,Paris
4546c627-32b8-45e3-ad02-34fca59a21e3,user_17,4952.45,2025-01-10T06:02:00,withdrawal,Berlin
fb13230f-d133-4305-abc0-8cc606754aa6,user_17,172.73,2025-01-01T09:03:00,deposit,Paris
aeb70447-8f35-4dda-a5aa-93c74f8bbf41,user_14,8921.62,2025-02-01T03:24:00,withdrawal,New York
c76ea509-f3ed-4878-a356-e6c45cb56b54,user_6,6909.73,2025-01-04T00:43:00,withdrawal,Paris
86f689f5-f62a-4e5b-9d39-cce750602d5a,user_1,2584.24,2025-01-20T13:59:00,deposit,New York
345e7033-0665-4cd3-93a7-148d5ef4a88f,user_8,589.12,2025-02-04T17:54:00,deposit,Sydney
9d1e6b16-9efc-465d-afe9-de5347a07728,user_20,2500.02,2025-01-16T04:44:00,payment,New York
28691d91-ee8d-4a28-996c-2a7d3159ccff,user_20,3867.52,2025-01-07T20:23:00,deposit,Paris
1d57456b-e5b8-4c0e-a756-c30b7ceb95ba,user_4,3239.77,2025-01-12T20:07:00,withdrawal,Paris
ce818cb9-84fe-40fb-a981-3a5dc69e965b,user_8,9922.06,2025-01-20T23:01:00,withdrawal,New York
def059ff-3851-4c4f-a44e-203b053e2047,user_13,1636.08,2025-02-02T01:49:00,transfer,Tokyo
58db87b0-c749-44e1-82c5-73aca3f8b9f3,user_11,6541.11,2025-01-17T02:38:00,deposit,Tokyo
1b922975-fbb4-4d71-aafe-12994394d5fd,user_8,8564.03,2025-02-02T08:14:00,payment,London
6bea3baa-2741-4f2b-9b01-acc8cb9437f1,user_8,7675.21,2025-02-03T23:09:00,payment,Berlin
e45aac88-165b-40fd-b60c-7e72bb2b0477,user_17,6931.28,2025-01-03T06:22:00,transfer,London
a70622c9-4342-472a-89c6-0cf2625684fd,user_11,6636.31,2025-01-14T00:21:00,transfer,Berlin
ffb203e5-234d-424d-b80b-7b07dfe5c190,user_11,9227.04,2025-01-20T04:00:00,deposit,Berlin
7f2c0993-2d40-4079-8196-dae92568d32e,user_18,4079.98,2025-01-24T08:20:00,transfer,Paris
0bc6fd6f-59cb-4edb-b5d2-9efe20d3a58a,user_10,3361.14,2025-01-02T14:27:00,transfer,Berlin
1ebcbeb5-81de-4112-81d8-ea2fe63fbb4f,user_12,3433.25,2025-01-17T17:34:00,withdrawal,New York
7c496c22-5585-4288-893e-0f6d243e52b2,user_3,4627.85,2025-01-12T07:24:00,deposit,Paris
3109e2d2-2e9e-4a89-9147-d911041761e2,user_9,5591.73,2025-01-04T23:47:00,withdrawal,Paris
aeb589dd-b0fc-45e0-abb5-e5ec72ba8f15,user_11,6064.47,2025-02-01T03:30:00,payment,Sydney
2a828171-54f6-4cb5-94f5-d852c1def990,user_12,7149.68,2025-01-01T16:35:00,transfer,New York
d95f0a30-39a9-4d41-8786-ed65eaeb90b8,user_8,8077.62,2025-01-26T02:52:00,transfer,London
5261a680-4774-44c7-a6e9-a7a576533c8a,user_16,9614.8,2025-01-20T05:22:00,withdrawal,Paris
97b1d354-9226-4b9b-9ff5-153bd293e82f,user_6,2722.57,2025-01-23T17:42:00,payment,Berlin
c95b67e8-ea49-49d0-bd7b-adcd9cb9b6e6,user_5,3082.11,2025-01-21T17:48:00,payment,Sydney
e763a547-ef03-4041-b55d-ef044c6d0338,user_11,2756.84,2025-01-10T20:38:00,payment,Sydney
1b5fd174-2d4f-41a9-af74-953a4bf5443d,user_5,5230.85,2025-02-01T16:06:00,deposit,Berlin
34d7679f-5d69-4ba6-86ff-5c9f16fa52fd,user_13,7016.91,2025-01-09T02:27:00,payment,London
28f301a0-fc2a-4f3f-b81f-7e07adfd8bec,user_11,5609.85,2025-01-23T23:33:00,transfer,Tokyo
ac7216f7-4e5c-45b3-9edc-ead4eecbc5bd,user_8,2889.44,2025-01-25T02:40:00,transfer,Berlin
b381b847-6df6-4842-bf62-55d59b18210d,user_8,3950.84,2025-01-21T04:08:00,payment,New York
d4605f91-8169-4230-851d-9118b42cd77b,user_11,3786.19,2025-01-21T10:13:00,transfer,Sydney
a722af82-ddd5-4968-8c15-f6ecb7b932e1,user_10,5123.57,2025-01-10T18:09:00,transfer,Paris
cc64e890-7246-4a24-8e20-96884b28a645,user_5,6352.98,2025-01-08T16:30:00,payment,Paris
77b2fbfe-7a08-4e55-bb6d-48f982068e16,user_18,6636.1,2025-01-11T20:48:00,payment,London
d7d6deaf-ff54-4ad8-83ba-c2c74426bde5,user_6,979.46,2025-01-23T22:22:00,deposit,London
cda119e3-b58f-40e1-b341-1e58c4d4d1d1,user_19,6921.66,2025-01-29T22:18:00,transfer,Paris
2df130a3-794c-4083-ac8e-2a49ab6c2666,user_16,52.15,2025-01-16T02:29:00,withdrawal,New York
91efc914-dfda-4047-9f40-d53e60d66ee8,user_15,2452.58,2025-01-02T14:26:00,payment,Sydney
36b021d3-bf52-440d-850e-db604ea5c9df,user_11,3600.87,2025-01-19T15:44:00,payment,Sydney
cb8ee31e-f971-4a1e-aa02-49a8fd32a0e0,user_1,8558.24,2025-01-01T10:37:00,withdrawal,Tokyo
2218572b-2ce6-4b1f-881f-1d332e7d64ee,user_14,8600.85,2025-02-04T12:22:00,withdrawal,Paris
93949d79-068b-4078-9a74-f4587f8a562c,user_15,3997.76,2025-02-03T22:38:00,deposit,Tokyo
8b3cfd8f-39d7-4d88-82c0-d4649c36875b,user_13,4215.87,2025-01-07T01:15:00,deposit,Paris
72aadaff-1bd9-445c-9eaa-b89e969e7942,user_7,3687.31,2025-01-25T13:40:00,transfer,Sydney
347ba100-a552-497e-a1ea-474737c962ab,user_5,2036.42,2025-01-17T06:13:00,payment,Berlin
4ac74db3-2e1e-4e64-8e52-e8d867a42afc,user_1,8242.83,2025-01-24T13:01:00,deposit,London
3f6c4cc4-c01b-42f0-9325-5504f87c891f,user_19,5513.98,2025-01-12T04:27:00,withdrawal,London
8040e368-a542-42fb-b1ea-e3dc96f73657,user_16,2705.61,2025-01-13T13:01:00,transfer,Tokyo
89854136-e9d6-4c26-9042-e3d24559a62c,user_6,5098.94,2025-01-26T04:56:00,payment,Tokyo
3e576099-7f5c-4bea-bc04-9d35d8e97e4d,user_16,5973.23,2025-01-29T21:11:00,transfer,Tokyo
dac30189-460f-4e3e-8ccb-6e952c6f6e8e,user_5,2190.43,2025-01-12T06:34:00,deposit,Berlin
0a29ad42-0a14-4b8e-8430-c44b9f0a57de,user_19,2073.72,2025-01-15T06:51:00,deposit,Berlin
c698553a-9e7a-4007-a549-f02c81954581,user_19,4256.64,2025-01-29T06:54:00,deposit,London
86fb6487-30b3-4910-b42e-89ad141d3100,user_1,5491.56,2025-01-21T15:24:00,withdrawal,London
9d948bf0-48ad-4480-8544-8095458f6870,user_17,4615.1,2025-01-21T17:41:00,deposit,London
ee796c61-8b10-427d-b08f-a3bc1ba026f9,user_5,1059.28,2025-01-11T16:46:00,withdrawal,Tokyo
35fcbfd1-03bd-4f9b-8986-260faa6a13af,user_9,4134.07,2025-01-30T00:15:00,payment,London
b73f589e-fb1f-4b11-a48f-73025e6140bd,user_6,76.23,2025-01-29T09:27:00,withdrawal,London
9611011d-ddfb-48d1-86eb-8f5ea20f470e,user_9,2049.52,2025-01-18T15:05:00,deposit,Berlin
1443b4c4-e4eb-4f40-8d43-abca4ecb4169,user_5,9968.78,2025-01-04T04:52:00,transfer,Sydney
cac28cd2-5f97-40a3-81b6-20019455dabe,user_17,244.55,2025-01-06T09:36:00,deposit,Paris
dae866aa-d36d-4654-a4df-3fa72b5c5a07,user_18,8852.54,2025-02-02T00:51:00,transfer,Berlin
a9482ed0-1c22-4b4e-9ced-4360ab134313,user_11,4546.42,2025-01-03T17:15:00,withdrawal,London
1b12d490-9de7-41aa-80be-e2cefaa07d4d,user_11,9983.88,2025-02-02T08:45:00,withdrawal,London
01d70728-b0bf-4781-9ad0-e5dec19c6ff6,user_4,2490.88,2025-01-02T19:19:00,transfer,Tokyo
4d0ba85c-e5c6-4dfa-bb58-d836f1ab1aba,user_2,9271.05,2025-01-21T20:34:00,deposit,London
57925750-1177-407c-9bb9-56f1c36efef9,user_9,7262.12,2025-01-23T17:34:00,transfer,Tokyo
ba834b51-33ca-45d6-9d35-035dcfa995f4,user_8,330.82,2025-01-12T09:57:00,withdrawal,London
54b26c5a-100a-464a-b152-64693c4b771d,user_3,1367.34,2025-01-19T20:05:00,deposit,Berlin
79130f66-a3e0-4653-9508-60ade9fc91b9,user_7,5565.24,2025-01-11T13:30:00,withdrawal,Sydney
bc9ba5c6-fd12-4161-9c58-59d64beff2fb,user_3,1791.63,2025-01-28T22:39:00,withdrawal,Sydney
d7ecff1e-fafc-4c7b-a0a2-594798143a3e,user_3,2544.58,2025-01-18T05:59:00,withdrawal,Tokyo
6741bc42-b5eb-4f8f-b9a4-1f0a916c1365,user_13,6480.98,2025-01-28T15:28:00,transfer,London
07fb2a06-e30e-4616-9a1f-ce13ef1f814e,user_7,8678.04,2025-01-17T22:16:00,withdrawal,Tokyo
bd294614-3aa1-415e-83ff-877a3f6f28c2,user_13,1713.91,2025-02-01T22:33:00,deposit,London
0ed2053f-c5d2-4e60-a9c5-ec2dbd42c6df,user_2,1169.99,2025-01-15T21:05:00,transfer,Tokyo
28594bb6-a43a-4197-b167-38bafef9889d,user_12,1592.2,2025-02-03T07:21:00,transfer,Berlin
fcfcf80d-1c40-40a5-b9c4-ff1bb41538b0,user_6,1583.49,2025-01-07T20:46:00,payment,Tokyo
76d14382-3142-4dca-96b7-da25f8454c2e,user_9,3328.91,2025-01-22T05:44:00,payment,Tokyo
a37d75a8-dc30-4569-bb1f-eb0edc9c33ff,user_8,3319.78,2025-02-02T21:03:00,deposit,Berlin
55400b92-876f-43de-8d1a-f47abbaacf2c,user_20,6184.07,2025-01-25T03:25:00,transfer,Berlin
74b7a40e-85a7-43a6-82aa-3f0d835fad84,user_1,911.62,2025-01-01T18:13:00,transfer,New York
eb226263-8945-4f14-9007-6a954b9edbdd,user_1,8403.12,2025-01-06T10:26:00,payment,Paris
15619cf2-343c-456c-9814-aaf4728d23c4,user_4,2738.49,2025-01-02T13:48:00,withdrawal,Paris
c26909fc-2f19-4b7b-80cb-98ef43cde972,user_18,1434.2,2025-01-13T18:30:00,transfer,London
db531d75-6618-4fb2-8f99-13a451de8bec,user_1,7374.85,2025-01-23T12:45:00,withdrawal,London
deae5764-f567-4a67-b236-d85f5c24d321,user_1,102.95,2025-01-05T02:42:00,payment,London
bbed952b-5f4f-41a6-a7d2-fea477ed1670,user_10,2876.19,2025-01-27T08:10:00,transfer,New York
0109212e-8b2f-4173-a50b-f3af01de17e6,user_10,4612.35,2025-01-13T21:49:00,withdrawal,Paris
ef2ac7bb-b720-428e-a90d-0e38d4ff32a4,user_12,9099.59,2025-01-21T22:35:00,transfer,London
f6840add-e3c0-4c24-a59e-6dbc15c983a7,user_4,1387.39,2025-01-31T09:45:00,payment,Berlin
8f4ea0dd-466d-4fce-8802-8f39189228a9,user_11,9955.97,2025-01-30T16:08:00,deposit,Tokyo
b86f91eb-9b95-4763-90dd-385561e4d496,user_12,1587.57,2025-01-29T18:34:00,transfer,Tokyo
c6984ba8-6d7b-4ba5-87d9-6b61877a5aa5,user_12,3325.1,2025-01-26T13:57:00,deposit,Berlin
8b2c992e-cbc7-45be-9401-dd5945ac5e67,user_20,8478.06,2025-01-15T08:29:00,payment,New York
6b310607-7037-44f0-8825-ff1d1e5daf05,user_8,5955.85,2025-02-04T22:35:00,deposit,Berlin
58dffb27-14e1-411b-9899-59609d483e01,user_1,5660.24,2025-01-23T08:36:00,withdrawal,Berlin
69c50ee5-f874-4e59-b26b-d12bceb2df36,user_14,5541.33,2025-01-17T16:45:00,payment,Sydney
62258455-f1ac-4771-8666-109b7a31a696,user_10,407.77,2025-02-03T12:29:00,payment,New York
9d4f96b6-487d-4890-bad4-e48191714b32,user_4,4708.09,2025-01-01T10:57:00,deposit,Paris
62f22a77-1c19-4a2e-b837-618a93fcac9b,user_13,3710.53,2025-02-02T14:41:00,withdrawal,New York
cbdff8c7-c8b1-40a1-8bdc-51e7587a935c,user_9,6337.6,2025-02-04T18:45:00,deposit,New York
1e125e5d-23c5-484a-8c65-17b2f70b51f7,user_20,5386.44,2025-01-12T18:24:00,payment,Paris
3a957f50-43b5-4f9f-b0f5-b3bbcca9390a,user_4,9833.67,2025-01-07T06:58:00,withdrawal,Paris
cb50049e-9766-42e1-b249-4ff7a7712182,user_12,9044.84,2025-01-10T07:59:00,deposit,Sydney
435f5391-c4b1-4a84-b35e-fc8debe48338,user_18,4744.53,2025-01-02T06:20:00,deposit,Sydney
47191742-d943-4d88-ad9c-761abaf85037,user_6,1982.41,2025-01-21T17:56:00,transfer,Paris
363d292f-7f06-49c2-a2c7-4ffc5ae2f0cf,user_11,5456.99,2025-02-03T10:55:00,withdrawal,New York
97cdfa03-b841-439c-a555-3eae99b8d613,user_1,2745.29,2025-01-01T10:56:00,deposit,Berlin
f45641a5-0f3d-411e-8735-6bb9480dd0c5,user_15,2799.61,2025-01-31T00:36:00,deposit,Tokyo
91519347-3e50-4fbe-b454-28642187e731,user_13,1069.89,2025-01-11T23:04:00,withdrawal,Sydney
45cf60c8-5478-47e2-b7bb-98d36d5e8e03,user_18,3101.11,2025-02-01T06:01:00,withdrawal,Tokyo
4a3ce172-2143-4fc1-8c64-859f19ffdfca,user_9,3175.44,2025-01-18T04:49:00,deposit,Tokyo
0d3bcfd1-e34d-47f3-8117-0232f7ad4e36,user_5,4793.72,2025-01-26T23:07:00,payment,Berlin
ac8380a0-3cf8-4e46-b96b-ce90e42e70fb,user_13,2838.32,2025-01-09T13:37:00,transfer,Paris
8912ac33-285d-4bc2-9d6f-3fa5039af612,user_5,6919.88,2025-01-14T16:25:00,payment,Sydney
c9901263-7d74-4d10-9c44-0976550e367d,user_1,7565.27,2025-01-07T06:01:00,deposit,Berlin
ab421e5e-685f-45e9-b2cc-89e36c9e6cb4,user_20,4613.47,2025-01-11T20:26:00,transfer,London
207051ef-bd0f-442a-ac0f-8a09d0217149,user_10,2439.41,2025-01-16T12:44:00,payment,New York
3fc39b16-5413-4563-ac57-486edac81215,user_2,7257.38,2025-01-24T18:29:00,deposit,New York
4b916bbe-963e-4209-ad9c-8ec8ca081f38,user_1,1127.81,2025-01-26T09:01:00,payment,Berlin
248cf96f-01e6-466d-b23b-8ce17887a607,user_1,386.23,2025-01-25T19:04:00,withdrawal,Tokyo
d40fc38e-b80b-485e-8348-57f91d119b06,user_1,6974.35,2025-01-18T10:46:00,transfer,New York
2ef4e6cd-dfcf-4f44-93e9-245fc350aab2,user_7,1183.87,2025-01-08T16:02:00,deposit,London
47cfcde3-28c5-4fe3-9a11-49d15694a691,user_4,7249.1,2025-01-10T23:55:00,withdrawal,Sydney
9f006bfa-b66c-431b-9aa3-ad7b052fa5de,user_15,7462.67,2025-02-01T20:36:00,payment,Berlin
c1615d68-bae2-4f23-be9f-f726e980ca2e,user_8,5219.66,2025-01-26T05:14:00,payment,Berlin
7c0bf036-30b5-42ec-b3cb-fd9e65d54f3a,user_11,6342.67,2025-01-10T09:34:00,transfer,Paris
de5e2e48-e7ac-421a-96c1-bc71421db2cb,user_8,7217.87,2025-02-01T20:59:00,transfer,Paris
16653519-8ca8-4116-a499-3f10edcdbf8f,user_10,2928.29,2025-01-23T08:29:00,deposit,Sydney
54123481-c4c6-4128-a69d-61ba709bf33d,user_7,3091.42,2025-01-12T12:04:00,withdrawal,London
158070ce-da1a-47ff-ad6b-08dba105291e,user_10,5476.69,2025-01-30T14:57:00,payment,London
39e7d8fa-5da7-408a-ad70-9a7c1d8bb05c,user_19,5359.07,2025-01-13T05:19:00,transfer,New York
072c54d2-363f-48b0-b8ef-0940812e85c7,user_17,4205.07,2025-02-03T21:31:00,deposit,Sydney
aac9d995-ba3b-482a-9e44-e14c38801427,user_20,7724.03,2025-01-30T04:42:00,deposit,Sydney
0bd195c5-67ca-4cfc-b9b5-062e5d5dad50,user_15,5585.4,2025-01-28T18:46:00,transfer,Tokyo
210b0c60-c4ca-41a1-90d8-64493cd2aaed,user_6,9805.68,2025-01-26T05:04:00,transfer,London
2dad2788-21b2-4e0d-bc22-781e854a9437,user_3,7145.02,2025-01-10T04:54:00,payment,London
063b1a55-58a5-418c-80c5-ef0366eaf3d6,user_5,5215.62,2025-01-26T16:40:00,transfer,Tokyo
1ebf22ab-91ca-4fb0-b993-6db863245d7c,user_9,5707.52,2025-02-01T01:04:00,deposit,Berlin
1843862a-23ee-4e44-9224-bbe46671a34d,user_19,554.07,2025-01-06T06:10:00,withdrawal,Paris
ba541671-b9c5-4d2a-b38f-0226d7fe4440,user_1,8007.25,2025-01-23T06:36:00,withdrawal,Tokyo
161e8739-9987-4ad2-a251-2a420f303d6d,user_16,6345.23,2025-01-02T21:55:00,payment,Tokyo
0cd3d698-6d55-480a-966a-1137aa653ea9,user_10,8757.82,2025-02-03T04:45:00,deposit,Paris
dfd0b6d8-423f-4384-9fdc-7926ca197217,user_10,2424.03,2025-02-02T13:49:00,transfer,Berlin
184176b2-3066-4a23-9f60-08015642a889,user_16,4115.78,2025-01-07T05:11:00,transfer,Tokyo
063dc689-642f-4b3e-b9d8-56c56183ea69,user_18,9352.49,2025-01-02T23:49:00,deposit,Tokyo
b393d461-3802-41d0-91df-4955f1842cc8,user_10,1504.5,2025-02-02T13:40:00,transfer,Tokyo
1c940706-3a2e-4fb5-b729-ed7ed56d2629,user_6,1082.49,2025-01-08T09:32:00,payment,Berlin
5a1824eb-076d-437e-817a-47379157c63f,user_20,8308.56,2025-01-27T09:29:00,deposit,Tokyo
9fd4a223-c591-40ab-8489-0cc28bbb4f5a,user_11,6756.1,2025-01-23T23:13:00,transfer,Sydney
ac245796-311c-429b-ad99-229d24fffd8c,user_12,8444.0,2025-01-05T17:58:00,transfer,Paris
768aa41d-a2d0-43e6-9bf2-a64397cc1248,user_18,7512.62,2025-01-31T06:29:00,payment,New York
e288c0b4-d372-4840-befc-9377ecfde72a,user_6,4395.35,2025-01-08T17:51:00,deposit,Tokyo
837c276f-5a0b-444b-b2ad-2b35f88cc125,user_1,2641.57,2025-01-15T07:22:00,transfer,Berlin
26587c42-babc-429c-937c-e58913a9a088,user_1,6011.71,2025-01-10T07:42:00,transfer,Berlin
020cd697-573f-4e5d-8254-fcb778af470d,user_11,9447.16,2025-01-28T06:54:00,payment,Paris
5414a12e-ad35-4397-b6d2-ce099f0c29c3,user_14,6659.72,2025-01-26T15:36:00,withdrawal,Paris
97993475-3343-41b4-870e-9dc38db30b37,user_4,2948.56,2025-01-01T21:29:00,payment,Tokyo
c8197812-990d-4b6a-931c-adc2b51c87ee,user_10,2867.79,2025-01-05T17:07:00,deposit,Paris
f62fd482-8b73-4686-adc3-f21337e88365,user_18,3099.02,2025-01-09T15:46:00,payment,New York
5e1f2aab-8926-421c-aa8d-f140deef884c,user_11,7704.42,2025-01-17T14:11:00,withdrawal,Paris
9cae9f43-c5a3-4117-93d9-1da42eef3725,user_19,7597.72,2025-01-05T02:09:00,transfer,Berlin
9e4371a6-383c-4181-b549-d67f5bc272aa,user_2,8553.39,2025-01-08T00:02:00,payment,Tokyo
e0c4df02-14d1-48a0-9d2a-89cb7d949d75,user_8,3434.08,2025-01-22T19:45:00,transfer,Sydney
51222cfd-3e67-4f2a-8a55-7cd9c3072138,user_4,4857.12,2025-01-19T19:21:00,deposit,Berlin
0dbec1d4-23a5-4891-9c49-ac2ec0161ccf,user_20,9679.74,2025-01-31T10:08:00,transfer,Sydney
ce767b27-d7ba-4435-b094-bdb1dcf4de7d,user_20,4255.4,2025-01-11T05:07:00,deposit,Paris
eea89110-4c7c-439d-b789-65a423c3af98,user_7,9293.17,2025-01-02T02:41:00,deposit,Paris
542144b7-51bf-4bd4-b711-f053ec71261e,user_9,9649.6,2025-02-03T17:22:00,deposit,Sydney
a97338ea-a427-4fe4-bbda-852daf8f3ee3,user_5,4714.41,2025-01-20T23:22:00,withdrawal,Tokyo
13291d79-9287-4cf8-8cbb-440086bf685b,user_13,9162.96,2025-01-19T05:06:00,payment,Sydney
4e218d3d-781e-4987-a2a0-e7f5d6f5b987,user_16,4387.03,2025-01-24T16:13:00,deposit,Berlin
8f546f4b-14b6-45c9-8479-1068bf46d212,user_8,5330.71,2025-01-19T19:09:00,deposit,Berlin
49eda25e-7212-4949-93eb-cf3f117996dd,user_7,3875.15,2025-01-20T08:21:00,transfer,Berlin
ead83e33-3465-4dbc-9e51-530bf22bcb32,user_9,3821.58,2025-01-16T00:14:00,payment,Berlin
b0026c2f-370c-4d41-a059-8287d2a31863,user_19,8508.46,2025-01-31T07:39:00,withdrawal,Sydney
26e43058-1688-4cea-a59e-606c2d42c33d,user_19,3054.24,2025-02-01T23:30:00,deposit,Berlin
571674e1-baf7-4fe8-a74e-0ec5b15a7613,user_12,7779.09,2025-01-21T14:54:00,transfer,New York
059671dc-c508-4696-bb50-9648fcf537e9,user_14,3086.66,2025-01-11T06:27:00,transfer,Sydney
51fe3c1a-ce08-4ecf-8a82-d4347af06b54,user_18,180.27,2025-01-07T18:17:00,transfer,Tokyo
aa104fc0-bce0-4c0f-8b40-e946caea0df6,user_2,247.43,2025-01-15T23:11:00,transfer,Berlin
5fa5e1ca-7ec9-4880-974c-50a3e08e89e5,user_3,8724.02,2025-01-13T12:16:00,transfer,Sydney
36ac59e2-710f-4325-8228-1ed8fa4aed96,user_16,357.01,2025-01-19T07:42:00,deposit,London
1451f4b4-c1f8-455b-a513-3f6841dd5043,user_12,8811.41,2025-02-03T16:12:00,payment,Tokyo
352dc722-5ee0-42f0-87cf-ecb61490f054,user_4,5045.55,2025-01-06T20:35:00,payment,Paris
2bb510e6-d11a-4511-9795-0cf2a792097c,user_17,2666.31,2025-01-12T23:18:00,deposit,Tokyo
58090347-8846-464f-96af-a724ef64228a,user_16,6613.34,2025-02-01T13:54:00,deposit,New York
4912ec1a-c46d-4604-99bb-fe7ea13f3dae,user_14,3756.14,2025-01-19T11:03:00,transfer,London
d76661ef-10a8-41dd-a8a5-e21ed548736b,user_6,1438.23,2025-01-20T12:43:00,transfer,Paris
e5a93a57-f5ba-4e9d-8ecf-09a62a880129,user_20,7657.24,2025-01-29T18:02:00,deposit,Berlin
e06c69a4-fe3e-48b9-8ca9-58b3f3c754c2,user_14,3936.51,2025-01-28T08:01:00,deposit,Tokyo
05d2bd61-b042-49d7-be2c-8fcdae10a4ed,user_9,2318.18,2025-01-12T22:00:00,withdrawal,Berlin
9ae9c235-1a0f-453e-9a46-2dc2228bde61,user_10,5086.32,2025-01-06T04:46:00,payment,Berlin
db8402d1-68e4-431b-b593-e65e171eddc8,user_14,1278.43,2025-01-28T02:50:00,deposit,New York
d520db47-6940-444d-8a8b-9dcd2f3a85f7,user_17,6574.13,2025-01-14T14:15:00,deposit,Paris
054ae411-d099-4fb3-bffa-3e630547cb45,user_17,3795.67,2025-01-11T21:54:00,payment,Tokyo
b239df07-473a-4bc4-9c42-5a0aa4b9f68b,user_6,3743.14,2025-01-31T21:36:00,payment,Tokyo
7d8a4488-afc1-4742-8227-6729b583d0d2,user_14,6688.91,2025-01-30T02:43:00,withdrawal,Tokyo
f5ada5d5-657f-4f55-86b0-3bb9ccb3f213,user_2,6708.49,2025-02-03T15:14:00,payment,Tokyo
78efb0e9-e3a6-4071-ac04-82c3c78c11d3,user_4,4015.51,2025-01-15T06:27:00,payment,Tokyo
0691ce8c-1d84-4294-982f-46413228784b,user_10,1803.15,2025-02-01T21:03:00,transfer,Sydney
d62b789e-f2fa-4aad-ad74-ea0a8e528769,user_7,1038.5,2025-01-28T22:32:00,transfer,Berlin
f3168015-b828-4106-acf9-082632e1986f,user_12,9443.98,2025-01-31T08:19:00,withdrawal,Tokyo
45982ead-0ce6-41b9-8d62-26d997be86aa,user_5,6216.39,2025-01-02T03:06:00,transfer,Tokyo
a34ded4f-7f53-471e-abd7-04342d160c8f,user_12,5358.38,2025-01-02T03:39:00,deposit,Berlin
0182a1ca-4706-4fde-8815-27de49582d20,user_3,9409.12,2025-02-01T00:16:00,withdrawal,New York
c68c8e0b-4adc-401a-853e-fb330a4c4c6d,user_1,9513.76,2025-01-09T05:56:00,payment,New York
166f1817-88ea-4a1a-8a72-e2199c8b9a2d,user_15,133.52,2025-01-30T12:11:00,deposit,London
603f27bc-1814-413b-a2cb-ad41f46c6f28,user_17,723.14,2025-01-23T09:47:00,transfer,Tokyo
50bb45d6-3f3e-4bad-bd45-ebaafa1dc66f,user_20,675.19,2025-01-22T09:00:00,withdrawal,Tokyo
bf038d86-09fb-43c1-a9ff-cb62535e3b69,user_17,6660.05,2025-01-21T12:36:00,payment,Sydney
59ef422c-460d-48b1-8672-bf9ae1972ddb,user_1,2033.06,2025-01-17T11:58:00,withdrawal,London
1e996aef-08cd-43ea-ab61-3682f7edc957,user_3,7883.22,2025-01-09T11:25:00,deposit,Tokyo
f0a82777-3675-4ddb-b5d8-b829948a7e7a,user_10,9868.47,2025-02-01T10:28:00,withdrawal,Paris
9f5fc6d5-c700-41e2-83b5-fa707c1fd27d,user_5,4664.32,2025-01-29T05:51:00,payment,London
c80272f0-dbdf-4f07-9b76-9fc9d5ff6d52,user_9,6875.32,2025-01-10T14:24:00,payment,Berlin
8eb22fcb-2f32-470e-9bea-c933739a3dd5,user_13,115.22,2025-01-13T01:48:00,withdrawal,Berlin
c34e4a31-e0d5-4a55-8adc-1adcf0519d3b,user_17,2976.01,2025-01-19T04:23:00,transfer,Berlin
af3ca878-686f-43bf-b745-cacb2f7d8a09,user_18,4035.57,2025-01-09T06:38:00,withdrawal,Paris
2d79e201-ce03-4f77-8e2c-25d426ffa760,user_10,6995.4,2025-01-12T07:42:00,transfer,Tokyo
e6c7e630-517e-42c9-8ad9-be3585a5b0f3,user_9,3418.33,2025-01-29T00:21:00,deposit,Tokyo
abd484f9-fd0d-432b-ae4f-f05bbb339dd1,user_15,8844.22,2025-01-30T14:39:00,deposit,New York
691911e4-1f96-4e8d-a910-a56f4e97d1f1,user_18,5663.57,2025-02-03T06:27:00,withdrawal,Paris
8ee486ce-9206-482a-9320-efdf9f383a5e,user_5,5914.14,2025-01-21T03:49:00,deposit,Paris
17d0a2dd-e6d4-4034-8cb8-31359b762820,user_8,8877.77,2025-01-06T20:43:00,withdrawal,Berlin
b784d1be-1e89-44c2-9c73-1950bc606bed,user_9,9459.67,2025-01-08T04:25:00,transfer,Sydney
ad817c12-9b4a-4ddc-b64d-a5eb89e8de72,user_16,6229.43,2025-01-31T04:34:00,withdrawal,London
9611bcd7-0fa6-4809-9996-69d5a5d5ea86,user_12,956.46,2025-01-13T23:31:00,withdrawal,Sydney
4be64e50-cc30-4cc3-b623-20ed608770c1,user_17,1349.15,2025-01-26T16:02:00,payment,Sydney
d9befe8c-3277-4d79-bcc3-d8e96b51ed73,user_11,4302.45,2025-01-31T19:17:00,payment,Paris
b18b0d1d-eaf3-4634-836d-0e0b72e02404,user_9,5095.78,2025-01-09T03:07:00,deposit,Berlin
d6f7a3b5-dd90-4e84-8ca5-f1e258f0c8d6,user_6,6880.26,2025-01-26T02:26:00,transfer,Sydney
7d8ab3c3-5f7c-4318-b041-ac9ee59da12d,user_2,1837.45,2025-01-05T05:28:00,withdrawal,Sydney
f99ecdb9-1295-4e13-960c-cd2346b76109,user_5,9214.5,2025-01-15T11:24:00,deposit,Tokyo
deb5f490-53c7-4dc9-b43d-c526b6c27e27,user_19,7461.3,2025-01-31T13:18:00,deposit,London
965f1194-3cd1-469f-a358-fba97a8651f4,user_19,7178.38,2025-01-25T23:31:00,deposit,Paris
ef8d4298-d401-47e6-bd79-17bb582faa5b,user_19,5930.72,2025-01-10T17:05:00,transfer,Berlin
b9d97949-9101-46de-a865-2b23ff8c196f,user_9,9269.13,2025-01-13T13:51:00,deposit,Sydney
5afd42c1-4115-438a-84ed-c9444ca630c4,user_9,4434.61,2025-01-15T09:49:00,withdrawal,Paris
94664a19-1142-4a0c-bb80-ada89cd5a7a8,user_19,2776.33,2025-02-04T00:13:00,transfer,Sydney
a5dffb90-a8e3-431b-b882-b971bf46f7d1,user_5,8834.27,2025-01-26T00:02:00,withdrawal,Sydney
3a4ac2e9-015d-483a-9cca-38f4e62d0eb0,user_1,510.07,2025-02-04T05:04:00,withdrawal,Paris
854dda4f-71ae-44c5-b933-6512d5ed6024,user_10,3363.62,2025-02-02T11:22:00,withdrawal,New York
8bb9e040-51e8-4483-956c-6e162c052b3b,user_6,3507.1,2025-01-30T09:34:00,transfer,Sydney
d9c058fd-afca-4f61-b672-1ec6253991d9,user_12,7846.11,2025-01-18T15:26:00,transfer,Berlin
f8534fd6-509e-4861-9e6f-db0d1c8e7e5e,user_13,8459.15,2025-01-17T14:13:00,deposit,Paris
3098e098-dcd1-482a-a76c-4a15063b3b9f,user_3,2235.77,2025-01-28T07:27:00,deposit,London
4c19092d-b7b0-4b2e-9a91-6784d281ef68,user_6,4922.85,2025-01-16T02:40:00,payment,Tokyo
8dd73d36-5d36-42ee-8d8b-06577bac494c,user_9,8745.12,2025-01-08T02:17:00,deposit,Paris
6cfc518b-c143-415b-ab74-e764f14866c4,user_11,1872.82,2025-01-11T21:45:00,withdrawal,Sydney
5bb03615-fdfb-434e-ac84-93b4b36c7bec,user_4,8126.7,2025-02-01T03:14:00,withdrawal,Berlin
1bb2e6e2-d0c3-4460-bbb8-02a539a3f681,user_12,8312.92,2025-01-15T16:42:00,deposit,New York
da7539b9-d38a-4ee0-b1da-0459e2f609f5,user_19,4302.75,2025-01-13T00:24:00,payment,Sydney
ae2f1802-cbcd-4741-b861-2a376f2838c5,user_20,5535.87,2025-01-09T06:32:00,transfer,Paris
f4d8f4c4-8619-4ba2-b90e-fcce9855af93,user_2,8799.08,2025-01-20T08:14:00,deposit,Paris
782fdd52-9fa6-4b03-a83c-92189f21d211,user_15,4595.4,2025-02-01T09:30:00,withdrawal,Sydney
9cdfffcd-d448-484d-86fe-d7a933bb70a4,user_6,4204.32,2025-01-10T10:47:00,payment,Paris
c79b277b-3519-47bf-be6d-95836d5f385f,user_2,7529.11,2025-01-28T06:02:00,withdrawal,New York
1f19c95d-2fc7-4d93-939c-f9fe91c1ef47,user_6,4287.68,2025-01-18T07:14:00,transfer,Sydney
2ba7f0b3-7a80-4349-9417-84ce4358edc4,user_5,2916.96,2025-01-31T06:26:00,withdrawal,London
e1b6a16d-4ee2-4dbf-9cdf-e738f42f8e3d,user_12,4223.48,2025-01-21T22:50:00,deposit,Sydney
337b5eb2-da16-47e0-82d0-e68f634923d1,user_2,2024.23,2025-01-20T19:17:00,deposit,New York
d5800fda-951c-41fa-9f4e-534c20a7ca09,user_14,3621.51,2025-01-14T19:42:00,transfer,Paris
71e63c89-3de1-49db-9a98-2c6045e65e25,user_6,2140.73,2025-01-03T04:19:00,withdrawal,New York
b011192c-f8c7-48a3-a3c4-5298ff28891c,user_19,2033.69,2025-01-13T01:41:00,payment,Berlin
e098459d-1aa8-412d-9b36-2bb578e76f53,user_3,6833.49,2025-01-11T19:17:00,transfer,London
cca7086c-da65-4f2a-8361-76c108538717,user_11,1144.21,2025-02-04T07:50:00,withdrawal,Sydney
17738541-95e7-4db6-a97f-99ee6242f9e1,user_17,9202.75,2025-02-01T03:39:00,deposit,London
263a5b00-fdf8-4290-8b9a-1d466afcda6f,user_6,7665.44,2025-01-24T01:21:00,payment,Tokyo
fff706b4-b3b4-4f5d-b49c-7a6c601df65f,user_5,2810.72,2025-01-09T20:02:00,transfer,Sydney
53b15920-f256-4638-b7fc-d8e6d6df37ef,user_1,2966.0,2025-01-02T07:59:00,deposit,Tokyo
57169ec7-b2ab-458a-b459-1100453369da,user_13,9414.63,2025-01-10T15:42:00,deposit,Tokyo
02b18a2d-0284-4481-995f-6248433d79e3,user_15,6806.67,2025-01-08T09:42:00,payment,London
7c7e657f-4b41-4593-a02f-66d0ee917b8c,user_16,4941.01,2025-01-01T20:07:00,transfer,Berlin
ba3031c6-54bb-4950-8619-10e37433fa53,user_8,9993.18,2025-01-21T08:20:00,payment,Tokyo
487704a6-53c7-485c-8edf-ab204a3e3367,user_12,5736.05,2025-01-23T00:32:00,withdrawal,Tokyo
fa3a4982-a7a7-4272-81b1-e8d6bbe1b36e,user_19,4380.09,2025-01-29T08:54:00,transfer,New York
fba6dec7-337d-4efa-9483-3ee76646a326,user_15,6486.37,2025-01-23T20:40:00,deposit,London
d29e27a4-f600-41ae-b702-84729a7d3659,user_2,6494.63,2025-01-25T23:50:00,deposit,Paris
2620fc39-66a8-48b0-bf0b-84c6bd2944c5,user_12,2743.11,2025-01-03T07:12:00,withdrawal,London
6de97cd1-bc37-44c2-bb73-36ab4a9bead8,user_9,1560.94,2025-01-19T20:28:00,withdrawal,Berlin
48c12b5b-bcfc-4db6-aa1f-51588ee8534f,user_5,4317.88,2025-02-02T23:54:00,withdrawal,New York
a456daae-4f1d-4d9e-b9eb-bf1b7e52b08d,user_5,5074.57,2025-01-03T14:41:00,payment,Sydney
5527db77-11f0-4515-9b38-30ae418d7d1d,user_12,4924.16,2025-01-23T00:10:00,withdrawal,Paris
902e615b-61a2-49bf-9947-4344b049fd00,user_1,1408.45,2025-01-13T07:08:00,withdrawal,Tokyo
088827ef-d316-4413-9668-6bafa01380ac,user_16,8385.91,2025-01-30T00:09:00,transfer,New York
ee4d457d-6282-477e-b913-29fceeb97f14,user_16,7377.02,2025-01-03T18:17:00,transfer,Paris
941982a6-e2b9-4869-a441-8b1976bcfd0e,user_9,8671.67,2025-01-16T05:08:00,deposit,Paris
3aa3024f-0d70-48c8-bfc9-6ce22a9cb44e,user_14,2694.92,2025-02-03T17:30:00,deposit,London
3b0d5528-1f41-421b-813a-aece7c81e03c,user_11,3724.5,2025-01-15T08:36:00,payment,Tokyo
719e8f03-b57d-4610-87f4-a12be6ce46f4,user_16,3437.98,2025-01-14T03:52:00,payment,London
80bf84ea-aa34-4ee6-864a-276a0953e35e,user_16,8322.55,2025-01-04T01:30:00,deposit,Sydney
31b0c002-e227-401b-ad98-a195407cae65,user_6,4347.72,2025-02-02T17:03:00,transfer,Berlin
5725a303-0812-4240-918f-657d7fa04695,user_19,2864.06,2025-01-13T16:23:00,payment,New York
5d5c0d80-0597-443f-829b-4af5fee663a3,user_16,2168.26,2025-01-11T23:53:00,deposit,Paris
1da28be5-59ca-496c-8f2d-82f0828fd2fa,user_8,2785.08,2025-01-10T08:10:00,deposit,New York
051bb105-b612-49c2-a3e8-7511de596444,user_4,898.81,2025-01-13T06:23:00,deposit,Berlin
caffdbf6-0fe8-45aa-b2cf-94fd30519840,user_13,8037.76,2025-01-20T18:14:00,transfer,Sydney
34dcbfe8-3446-4459-b0e4-7152007c1369,user_18,1575.52,2025-01-07T03:59:00,payment,Berlin
a1a8e5b1-65a5-49cc-9dde-90d86febdf27,user_4,287.19,2025-02-03T11:32:00,withdrawal,London
5dc91cef-7ce6-4965-8609-f61682c7c9ce,user_9,9139.46,2025-02-02T09:16:00,transfer,Berlin
dc92adf2-099e-49c9-b7f8-6ea0fc7a4799,user_16,4966.22,2025-01-23T00:04:00,withdrawal,London
ce799d04-c109-450e-b7a7-b182f03524ae,user_4,1042.7,2025-01-04T08:37:00,withdrawal,New York
515b0514-f455-464a-a721-372377033701,user_6,1060.35,2025-01-20T12:44:00,deposit,Berlin
4ccce78e-d3ba-4988-959b-9f55483d0e71,user_19,870.45,2025-01-14T11:15:00,payment,Paris
a8ea6312-93ae-49c1-a8ab-366383fdd292,user_3,1286.78,2025-01-26T17:43:00,deposit,Berlin
69629bfa-5d84-43ce-9e6a-364c8bad40c1,user_3,4953.96,2025-01-06T23:14:00,payment,Paris
c48bd6f2-dca9-4eac-b492-ab20cfe60b0b,user_7,2490.3,2025-01-06T16:44:00,deposit,Tokyo
852343fc-72a4-4b3d-b8cc-3919c52d132e,user_17,5799.85,2025-01-11T02:41:00,transfer,Berlin
8ae1e082-6b52-4460-a11c-31dd42d001db,user_17,788.36,2025-02-04T20:23:00,withdrawal,Sydney
921cfa50-79cd-4086-b79b-6b5e17d03e4f,user_13,3960.79,2025-01-13T02:33:00,withdrawal,Tokyo
2d606b1a-4198-4d09-9f28-6c163f52442d,user_17,4379.31,2025-01-04T02:12:00,deposit,Berlin
2f444efa-3d63-48d7-9015-2cffff1dbe3f,user_5,9944.89,2025-01-04T16:11:00,withdrawal,Sydney
142878e7-052e-4b5a-9c15-94ad1c99b7ec,user_12,4196.8,2025-01-26T21:47:00,withdrawal,New York
928d80b0-cc49-4085-a7b5-d35239ffd01a,user_9,8549.69,2025-01-24T10:13:00,payment,New York
215be6dc-832f-4fde-9888-7860c6c76cad,user_12,7248.49,2025-01-16T10:03:00,transfer,London
bb74fa61-454d-4ae6-b389-3771ce4e05bf,user_20,3084.06,2025-02-04T02:26:00,transfer,Sydney
3072ccc3-6cd9-42b0-952b-5ce86db246f7,user_20,5500.26,2025-01-31T11:27:00,withdrawal,London
5b9733e6-eae7-4a2b-9d73-c7de7bbdd9ac,user_7,3305.33,2025-01-23T14:47:00,payment,Sydney
04ba0b88-dba8-4450-9c66-0efd98ceef71,user_4,950.77,2025-01-28T19:08:00,payment,Paris
6fabb7b0-fac0-4552-a962-543fdb96c3b6,user_6,7520.9,2025-01-08T07:55:00,payment,Sydney
901661b4-a849-4c80-bf6a-2dbbaf7cd464,user_12,515.33,2025-01-26T21:10:00,deposit,Sydney
311dac85-e494-4816-9d1f-7c242c5fc34e,user_20,5356.48,2025-02-02T00:48:00,deposit,Berlin
7503d72a-719f-4a66-8d29-e9d50f886d93,user_5,9643.99,2025-01-21T01:12:00,payment,Sydney
171eebcc-17de-4286-a765-901e14a5407e,user_9,1351.49,2025-01-14T12:25:00,withdrawal,London
b1dcebf2-4426-48bd-a063-9a0aa40071dc,user_2,7415.56,2025-02-02T18:15:00,withdrawal,Berlin
d587fb00-b719-4fab-beef-057fb6c932ce,user_3,1328.74,2025-01-17T09:29:00,withdrawal,New York
2ee0d135-249c-4f53-8a3e-588e6396a442,user_4,3750.79,2025-01-04T16:42:00,deposit,New York
64c1717f-6e6d-4220-8df2-f068b3f1a9bb,user_12,3989.44,2025-01-12T19:55:00,payment,New York
ef1504a4-fe65-470f-b209-e026b004ba1f,user_6,5295.55,2025-01-11T09:53:00,payment,London
149b5b2c-e09d-4fee-9bfa-a0820a9c4839,user_14,5485.07,2025-02-02T00:32:00,deposit,Paris
fc71eb54-bb0f-4657-ae2b-c1f8bfc7510a,user_11,817.07,2025-02-04T18:52:00,transfer,Tokyo
0e59cdae-1faf-4cca-96c7-8ee09e818c23,user_8,789.54,2025-01-25T19:53:00,deposit,Paris
2f3fcda2-eec0-424b-bbcc-9ddf9e4f08f4,user_11,7179.24,2025-01-19T06:37:00,transfer,Berlin
577cf1a7-7c81-4311-b94d-4b563f792069,user_15,9152.38,2025-01-07T18:39:00,payment,London
80936fd2-60dd-49f7-88a7-8b6d6ca6cd2c,user_4,3435.98,2025-01-08T13:35:00,withdrawal,Paris
b3cd5e62-4c80-4574-b046-668b45ede395,user_5,5358.9,2025-02-02T07:49:00,payment,Sydney
d98839c3-068c-42cf-a80c-4a7e3539ab1a,user_15,6259.32,2025-01-18T10:53:00,payment,New York
1c944340-20c7-49fc-beb5-e190a229b174,user_18,1257.23,2025-01-07T01:29:00,payment,Tokyo
c18174f7-2003-4675-bd39-31527ea00cb1,user_8,9811.8,2025-01-27T06:57:00,deposit,Tokyo
33875fc9-128e-4c6c-a596-d6a2dd9b551c,user_15,9862.06,2025-01-24T03:31:00,withdrawal,Tokyo
29ad1e96-6fb0-449d-b80c-174a695b8ff9,user_5,848.18,2025-01-15T09:03:00,deposit,Sydney
e6a61b01-2c66-4898-8993-0eb34d8066a6,user_18,9268.56,2025-01-15T06:21:00,payment,Berlin
4f242189-81a8-495b-bd75-ad3fce4d62d4,user_17,2015.13,2025-01-14T20:03:00,withdrawal,Berlin
d6967463-b62f-4604-801e-cede73402237,user_15,7423.73,2025-02-04T07:13:00,deposit,Berlin
2b603f4f-52e7-4320-a627-cb2768950395,user_7,4426.77,2025-01-04T01:07:00,transfer,London
ad75dad2-2aff-428e-8850-7b9112bc1304,user_11,565.35,2025-01-03T07:53:00,withdrawal,London
b6b2cdad-400f-4aee-82a6-347d46600051,user_4,7915.07,2025-01-26T06:28:00,deposit,Sydney
f4a85709-d7e6-48de-87e1-cb516ce34c26,user_15,7036.35,2025-01-20T19:24:00,transfer,Sydney
fbe99690-42b6-493b-808c-bb3b7b2306a6,user_7,9469.42,2025-01-27T18:55:00,payment,Berlin
e1830a1a-1d4a-4e72-b8c6-40c936721b1e,user_13,1880.41,2025-01-12T16:12:00,transfer,Paris
a7b5f074-0b0b-4f40-9b5e-4b7f5eb40a04,user_11,8305.22,2025-01-07T04:57:00,transfer,London
0da70089-ed85-4cef-9a1f-064c18691775,user_7,439.66,2025-01-12T08:33:00,transfer,Berlin
cefa1718-d2f4-4467-bca2-950494403464,user_3,290.65,2025-01-09T13:07:00,payment,Berlin
f599b655-d5b8-4124-9320-c3ee09bc866a,user_5,416.93,2025-01-20T16:02:00,deposit,New York
4f2ddbb5-c794-44cb-8f54-1017dae35f08,user_14,419.54,2025-02-02T08:31:00,withdrawal,New York
c7a84a8c-fd87-40d2-b9f4-7d0c4d0733be,user_20,2276.46,2025-01-16T20:01:00,deposit,Berlin
e0e9e401-c604-42ce-a24e-d0ee3c3a85f9,user_7,7436.63,2025-01-20T02:29:00,transfer,Paris
41d0983a-808c-4b1a-a01e-19c0e2d6df44,user_12,9774.04,2025-01-09T04:50:00,withdrawal,Tokyo
81d8b203-24df-45de-8398-191de8cd1149,user_2,4084.96,2025-01-25T22:46:00,payment,Tokyo
c97d66fc-352b-49c7-981b-05d46347a6b9,user_8,9714.68,2025-01-05T21:36:00,payment,Paris
f6c761d1-0fc4-4770-87a8-de9a2e547522,user_13,9124.26,2025-01-05T15:03:00,payment,Sydney
84379d5d-c361-44e1-ab5e-e1853f48e811,user_16,4393.43,2025-01-22T01:45:00,withdrawal,Berlin
ebca6689-1312-4742-940d-66a5f23e1300,user_10,1064.33,2025-01-25T12:20:00,deposit,Berlin
8e96d32e-3385-4c5a-83de-cdde1eaad145,user_13,7070.22,2025-01-11T21:54:00,withdrawal,Sydney
9e66dec7-7a0a-42bd-a5df-4fdb67cdccd1,user_4,2930.12,2025-01-15T06:00:00,deposit,New York
da4aff01-e219-4436-8fe3-b4d0ae528fb5,user_17,7965.84,2025-01-01T22:20:00,transfer,Paris
16f35ed1-dda3-43c2-8b6d-ce6898df7381,user_11,1637.58,2025-01-13T06:08:00,withdrawal,Berlin
b306e168-70cf-4844-8bf7-0d7debf06df0,user_8,4977.2,2025-01-10T00:26:00,withdrawal,London
4471d42c-60c8-45d9-98c6-6e2130cc715d,user_17,6383.69,2025-01-21T04:48:00,payment,Paris
14c4ccf8-8cea-44f3-ad68-a5f86cfb54d7,user_15,5789.28,2025-01-30T02:20:00,payment,Berlin
5216cf8b-5911-4cf1-bf41-3f78caf99317,user_6,2824.43,2025-01-29T03:11:00,transfer,London
06ef9aed-a80b-4892-9f0f-d758e9edc48a,user_8,7906.64,2025-01-22T14:32:00,payment,Sydney
d38d7243-4e82-404b-bae5-bf6a3211b5a3,user_1,5087.59,2025-01-23T19:38:00,deposit,London
7d4248b0-d0d1-45f3-b431-7996675f4678,user_11,6564.07,2025-02-04T18:33:00,deposit,New York
86a97c96-f94f-415d-a86e-fd3cf005dda0,user_20,8715.26,2025-01-05T02:09:00,transfer,Sydney
5a2515a5-2168-49da-9429-87c72315d19a,user_4,3584.54,2025-01-14T14:27:00,deposit,Sydney
a945fbb3-a312-4d9c-b6c6-08e7a1668e94,user_9,1718.65,2025-01-20T04:20:00,payment,Paris
5036c503-9c6a-49b3-9197-7ef6db0706a6,user_10,1834.13,2025-01-13T08:26:00,payment,Paris
995afe83-826d-4c8e-9731-5eeac55175e3,user_14,6487.54,2025-01-12T11:49:00,deposit,New York
737b68e8-f60c-4958-88cd-a8101070b3c0,user_3,9860.72,2025-01-12T15:50:00,payment,Tokyo
7576e93b-2359-4789-9e2e-c55e5636d5c1,user_5,1509.42,2025-01-15T12:27:00,transfer,New York
1e56a9ad-f3a2-4485-932f-24dc3015afc9,user_8,7885.58,2025-01-03T02:33:00,transfer,Tokyo
63784cd8-d648-4dc0-be88-79f081b81f1d,user_17,7732.88,2025-01-18T13:32:00,payment,Paris
54629cac-f666-445e-ba31-a60dae2dc0cd,user_20,2298.82,2025-01-17T13:32:00,transfer,Sydney
696bbc0b-70a3-4a38-a621-287ac6140d30,user_7,9136.9,2025-02-01T04:34:00,transfer,Tokyo
5ffbc7f6-f8f4-4403-9a0f-70aaca2a26c9,user_10,9455.72,2025-01-19T17:58:00,withdrawal,Sydney
6013f56b-ec84-49c9-8ab6-dc3fd99f5790,user_13,6695.35,2025-01-29T21:39:00,withdrawal,Sydney
d7767b07-8ddb-43b0-9f52-30ed4f34f33c,user_13,2128.86,2025-01-26T10:00:00,transfer,Berlin
87a9d3ce-7a01-47ba-b503-d66c3a55cb07,user_7,9275.04,2025-01-24T19:22:00,payment,Tokyo
c16e1007-1a8e-4966-92f9-297bd5132579,user_9,8718.45,2025-01-18T11:41:00,deposit,Berlin
00f2069f-deed-43a8-8d57-12e04f9f1da4,user_5,6379.7,2025-01-13T16:05:00,deposit,New York
f8f7981c-64f1-4f50-9b21-82bcf5a9aacd,user_3,9436.16,2025-01-06T19:38:00,payment,Tokyo
0c41a646-3e6d-4a59-a973-3644614b686f,user_1,937.08,2025-01-14T12:00:00,withdrawal,London
6032d664-55cc-42c2-9e30-7acf0fce1451,user_11,8545.39,2025-01-03T08:43:00,transfer,Sydney
b93a3a9d-1c2a-418b-bb54-0d7467951ce7,user_2,3922.82,2025-01-06T22:48:00,payment,Sydney
f41bdd89-02c9-464a-8fee-58f1a13a9187,user_13,6234.07,2025-01-31T08:27:00,withdrawal,Berlin
7ace1aab-91aa-4948-ae81-75a3ed3e5813,user_16,3110.16,2025-01-12T14:30:00,deposit,London
cbd69aca-e333-4b8a-9772-9039358f52ac,user_14,5445.37,2025-01-20T08:52:00,transfer,Berlin
b7dc5d2b-ad1f-4671-b7fd-f26dfd04cb43,user_19,8652.84,2025-01-27T02:06:00,payment,Sydney
0837128f-cb2c-4fe7-8992-ea7ac79fd25d,user_10,2093.36,2025-01-09T04:16:00,payment,New York
122d7ba9-9dd3-47fd-ac17-6e1e5bef8fea,user_3,1514.27,2025-01-28T00:25:00,deposit,London
f0211852-3021-4e52-ad1c-69e0afb469e0,user_3,9326.53,2025-01-21T04:37:00,deposit,Berlin
0b609aba-40a4-4ea9-9b11-ddcc74b80349,user_12,2775.59,2025-01-24T21:44:00,withdrawal,Tokyo
12f3dcc8-13c5-401c-8d84-651493a0cc89,user_9,4734.61,2025-01-02T13:20:00,withdrawal,Tokyo
511ad795-c306-4c91-8591-a598365e49a4,user_17,3113.02,2025-01-10T13:51:00,withdrawal,Tokyo
43dcaee1-e8cd-4ad6-887d-3159fc9bd769,user_19,9166.94,2025-01-23T09:05:00,payment,Paris
154efaf6-bfe7-4cd7-8229-732887a93176,user_4,1046.87,2025-01-18T18:47:00,deposit,New York
6ba65971-aad4-4ef2-9fd1-2649c26880ab,user_15,7664.27,2025-01-11T06:23:00,withdrawal,New York
5533208d-0ee8-4f2f-9728-cdb9a4db85bf,user_3,2934.15,2025-01-20T20:31:00,withdrawal,Paris
ebbd0891-84d7-4239-9586-5b6c6f36c618,user_13,2112.3,2025-01-05T18:44:00,withdrawal,London
7a231bab-0392-49b2-8972-cd861f081aaf,user_6,4361.63,2025-01-19T01:40:00,withdrawal,Sydney
1993ca5c-7e76-4be7-9b48-1957522d9d91,user_14,9437.43,2025-01-14T13:38:00,payment,Berlin
87e22633-88ad-457b-ac43-8172b437180d,user_13,3066.02,2025-01-21T20:48:00,withdrawal,Paris
5f761159-0e71-4fcd-a7c8-64b03a4b8ff2,user_9,1441.77,2025-01-27T22:23:00,payment,Sydney
b5324181-f361-48b6-a962-690d1f44097d,user_19,1963.49,2025-01-22T04:58:00,deposit,Paris
f67a4aa7-3c57-4220-b40d-7154554bbfa7,user_14,9563.98,2025-01-14T01:24:00,payment,Sydney
6ae96691-21f1-497b-aa4f-131777a6016a,user_8,4604.54,2025-01-08T00:28:00,payment,London
4f7b7896-0cb9-41db-9c83-d359dcc510a9,user_5,8191.81,2025-01-03T16:05:00,deposit,London
6b5fc062-99bc-4de6-9cc5-b680d5def6fd,user_5,7918.37,2025-01-11T06:43:00,transfer,Paris
7a6aba7b-aae8-454e-afd0-a37eb310982e,user_20,6019.42,2025-01-15T05:04:00,payment,London
c3e55ad7-3aab-4505-beb5-7c619c6fef1e,user_16,9865.56,2025-01-08T14:29:00,payment,Paris
e2e0b293-ba9c-42ff-8021-76b7c73556ac,user_12,8440.3,2025-01-24T08:30:00,withdrawal,New York
c8a0763d-6218-49e1-8cd9-da12f764e36e,user_15,7822.96,2025-01-15T18:27:00,payment,London
772867b4-ad87-4f16-9e62-c791fa1486cc,user_12,7991.71,2025-01-29T06:07:00,deposit,Sydney
9c53643e-142f-406f-b993-0c2839cd6188,user_6,64.08,2025-01-05T17:46:00,deposit,London
8bf781eb-49cd-482e-8189-5bd979a14f1f,user_2,8049.27,2025-01-18T18:19:00,transfer,Sydney
34e31ff5-20ba-4b45-afff-0942d2913e2c,user_12,9973.46,2025-02-04T05:45:00,transfer,Sydney
e49b59ee-d62a-41ed-abc4-ae3239f825bd,user_11,3268.83,2025-02-01T17:32:00,deposit,Tokyo
5fc475dd-c6ff-4837-adb4-a0723cfaa65c,user_19,2854.7,2025-01-07T13:10:00,payment,New York
d41d6339-be66-4ff8-a7a6-5740026e6c52,user_8,3197.66,2025-01-01T18:00:00,payment,Berlin
